{
  "selection_json": "/data1/jinyu_wang/projects/Glo-Var/reportsv3/glovarv16-strong-rerank2-full_LRS3_selection.json",
  "candidate_names": [
    "glovarv16-strong-rerank2-full-cand0-default",
    "glovarv16-strong-rerank2-full-cand1-seed2",
    "glovarv16-strong-rerank2-full-cand2-t09-p09"
  ],
  "fallback_index": 0,
  "thresholds": [
    {
      "threshold": 0.0,
      "systems": {
        "system1": {
          "metrics": {
            "wer": 5.142891246179877,
            "zero": 0.7736943907156673,
            "gt25": 0.058027079303675046,
            "gt50": 0.019342359767891684,
            "lse_d": 10.62538123822535,
            "lse_c": 3.490764113413296,
            "utmos": 2.3886227635396517,
            "spk_sim": 0.3714356224558801
          },
          "choices": {
            "glovarv16-strong-rerank2-full-cand0-default": 335,
            "glovarv16-strong-rerank2-full-cand1-seed2": 82,
            "glovarv16-strong-rerank2-full-cand2-t09-p09": 100
          }
        },
        "system2": {
          "metrics": {
            "wer": 6.192989859455528,
            "zero": 0.751937984496124,
            "gt25": 0.08139534883720931,
            "gt50": 0.023255813953488372,
            "lse_d": 10.95051747237065,
            "lse_c": 3.2009779621464336,
            "utmos": 2.3893333257630816,
            "spk_sim": 0.2606915936628429
          },
          "choices": {
            "glovarv16-strong-rerank2-full-cand0-default": 335,
            "glovarv16-strong-rerank2-full-cand1-seed2": 89,
            "glovarv16-strong-rerank2-full-cand2-t09-p09": 92
          }
        }
      },
      "macro": {
        "wer": 5.6679405528177025,
        "zero": 0.7628161876058956,
        "gt25": 0.06971121407044217,
        "gt50": 0.021299086860690028,
        "lse_d": 10.787949355298,
        "lse_c": 3.345871037779865,
        "utmos": 2.388978044651367,
        "spk_sim": 0.3160636080593615
      }
    },
    {
      "threshold": 0.02,
      "systems": {
        "system1": {
          "metrics": {
            "wer": 4.974242955422429,
            "zero": 0.7736943907156673,
            "gt25": 0.05415860735009671,
            "gt50": 0.015473887814313346,
            "lse_d": 10.613244817612019,
            "lse_c": 3.5029670256018868,
            "utmos": 2.3918981201644103,
            "spk_sim": 0.37227524135341034
          },
          "choices": {
            "glovarv16-strong-rerank2-full-cand0-default": 351,
            "glovarv16-strong-rerank2-full-cand1-seed2": 73,
            "glovarv16-strong-rerank2-full-cand2-t09-p09": 93
          }
        },
        "system2": {
          "metrics": {
            "wer": 6.2389016350184665,
            "zero": 0.748062015503876,
            "gt25": 0.07945736434108527,
            "gt50": 0.023255813953488372,
            "lse_d": 10.954508965329607,
            "lse_c": 3.197239453478377,
            "utmos": 2.3863241506177326,
            "spk_sim": 0.26000718031143555
          },
          "choices": {
            "glovarv16-strong-rerank2-full-cand0-default": 357,
            "glovarv16-strong-rerank2-full-cand1-seed2": 74,
            "glovarv16-strong-rerank2-full-cand2-t09-p09": 85
          }
        }
      },
      "macro": {
        "wer": 5.606572295220447,
        "zero": 0.7608782031097716,
        "gt25": 0.066807985845591,
        "gt50": 0.019364850883900858,
        "lse_d": 10.783876891470813,
        "lse_c": 3.3501032395401316,
        "utmos": 2.3891111353910714,
        "spk_sim": 0.31614121083242297
      }
    },
    {
      "threshold": 0.05,
      "systems": {
        "system1": {
          "metrics": {
            "wer": 4.89511286565404,
            "zero": 0.7794970986460348,
            "gt25": 0.05415860735009671,
            "gt50": 0.015473887814313346,
            "lse_d": 10.616571078678625,
            "lse_c": 3.5002924173897423,
            "utmos": 2.388018314796905,
            "spk_sim": 0.37091002474958706
          },
          "choices": {
            "glovarv16-strong-rerank2-full-cand0-default": 367,
            "glovarv16-strong-rerank2-full-cand1-seed2": 63,
            "glovarv16-strong-rerank2-full-cand2-t09-p09": 87
          }
        },
        "system2": {
          "metrics": {
            "wer": 6.2823190413024035,
            "zero": 0.75,
            "gt25": 0.08139534883720931,
            "gt50": 0.025193798449612403,
            "lse_d": 10.957814809887909,
            "lse_c": 3.193252151326616,
            "utmos": 2.384564067042151,
            "spk_sim": 0.2608635333680743
          },
          "choices": {
            "glovarv16-strong-rerank2-full-cand0-default": 381,
            "glovarv16-strong-rerank2-full-cand1-seed2": 63,
            "glovarv16-strong-rerank2-full-cand2-t09-p09": 72
          }
        }
      },
      "macro": {
        "wer": 5.588715953478221,
        "zero": 0.7647485493230174,
        "gt25": 0.06777697809365302,
        "gt50": 0.020333843131962875,
        "lse_d": 10.787192944283266,
        "lse_c": 3.3467722843581793,
        "utmos": 2.386291190919528,
        "spk_sim": 0.31588677905883067
      }
    },
    {
      "threshold": 0.075,
      "systems": {
        "system1": {
          "metrics": {
            "wer": 5.049391211421748,
            "zero": 0.7775628626692457,
            "gt25": 0.05222437137330754,
            "gt50": 0.017408123791102514,
            "lse_d": 10.64605861475666,
            "lse_c": 3.474918056502794,
            "utmos": 2.390175441247582,
            "spk_sim": 0.3688841915943406
          },
          "choices": {
            "glovarv16-strong-rerank2-full-cand0-default": 383,
            "glovarv16-strong-rerank2-full-cand1-seed2": 58,
            "glovarv16-strong-rerank2-full-cand2-t09-p09": 76
          }
        },
        "system2": {
          "metrics": {
            "wer": 6.249033349101984,
            "zero": 0.75,
            "gt25": 0.08139534883720931,
            "gt50": 0.025193798449612403,
            "lse_d": 10.94365678092306,
            "lse_c": 3.199886497601058,
            "utmos": 2.387234473413275,
            "spk_sim": 0.2610426936984466
          },
          "choices": {
            "glovarv16-strong-rerank2-full-cand0-default": 399,
            "glovarv16-strong-rerank2-full-cand1-seed2": 52,
            "glovarv16-strong-rerank2-full-cand2-t09-p09": 65
          }
        }
      },
      "macro": {
        "wer": 5.649212280261866,
        "zero": 0.7637814313346228,
        "gt25": 0.06680986010525843,
        "gt50": 0.02130096112035746,
        "lse_d": 10.79485769783986,
        "lse_c": 3.3374022770519263,
        "utmos": 2.388704957330429,
        "spk_sim": 0.31496344264639364
      }
    },
    {
      "threshold": 0.1,
      "systems": {
        "system1": {
          "metrics": {
            "wer": 4.9281361564427195,
            "zero": 0.7736943907156673,
            "gt25": 0.048355899419729204,
            "gt50": 0.015473887814313346,
            "lse_d": 10.650650176596134,
            "lse_c": 3.4693210433945203,
            "utmos": 2.3950129200918764,
            "spk_sim": 0.3686501247019325
          },
          "choices": {
            "glovarv16-strong-rerank2-full-cand0-default": 406,
            "glovarv16-strong-rerank2-full-cand1-seed2": 48,
            "glovarv16-strong-rerank2-full-cand2-t09-p09": 63
          }
        },
        "system2": {
          "metrics": {
            "wer": 6.2246407520349685,
            "zero": 0.75,
            "gt25": 0.0755813953488372,
            "gt50": 0.027131782945736434,
            "lse_d": 10.944121419921402,
            "lse_c": 3.1959897935852526,
            "utmos": 2.385402472444283,
            "spk_sim": 0.26010591799191146
          },
          "choices": {
            "glovarv16-strong-rerank2-full-cand0-default": 416,
            "glovarv16-strong-rerank2-full-cand1-seed2": 43,